<ImportExportXml xmlns:xsi="http://www.w3.org/2001/XMLSchema-instance">
  <Entities></Entities>
  <Roles></Roles>
  <Workflows></Workflows>
  <FieldSecurityProfiles></FieldSecurityProfiles>
  <Templates />
  <EntityMaps />
  <EntityRelationships />
  <OrganizationSettings />
  <optionsets />
  <CustomControls />
  <AppModuleSiteMaps>
    <AppModuleSiteMap>
      <SiteMapUniqueName>cat_PowerCATPlanner</SiteMapUniqueName>
      <EnableCollapsibleGroups>False</EnableCollapsibleGroups>
      <ShowHome>True</ShowHome>
      <ShowPinned>True</ShowPinned>
      <ShowRecents>True</ShowRecents>
      <SiteMap IntroducedVersion="7.0.0.0">
        <Area Id="NewArea_92f9eecb" ResourceId="SitemapDesigner.NewTitle" DescriptionResourceId="SitemapDesigner.NewTitle" ShowGroups="true" IntroducedVersion="7.0.0.0">
          <Titles>
            <Title LCID="1033" Title="Area1" />
          </Titles>
          <Group Id="NewGroup_fc5357fe" ResourceId="SitemapDesigner.NewGroup" DescriptionResourceId="SitemapDesigner.NewGroup" IntroducedVersion="7.0.0.0" IsProfile="false" ToolTipResourseId="SitemapDesigner.Unknown">
            <Titles>
              <Title LCID="1033" Title="Power CAT" />
            </Titles>
            <SubArea Id="NewSubarea_82b12058" ResourceId="SitemapDesigner.NewSubArea" Icon="/_imgs/imagestrips/transparent_spacer.gif" Client="All,Outlook,OutlookLaptopClient,OutlookWorkstationClient,Web" AvailableOffline="true" PassParams="false" Sku="All,OnPremise,Live,SPLA" Page="cr047_planner_dbe07">
              <Titles>
                <Title LCID="1033" Title="Planner" />
              </Titles>
            </SubArea>
          </Group>
        </Area>
      </SiteMap>
      <LocalizedNames>
        <LocalizedName description="Power CAT Planner" languagecode="1033" />
      </LocalizedNames>
    </AppModuleSiteMap>
  </AppModuleSiteMaps>
  <AppModules>
    <AppModule>
      <UniqueName>cat_PowerCATPlanner</UniqueName>
      <IntroducedVersion>1.0.0.0</IntroducedVersion>
      <WebResourceId>953b9fac-1e5e-e611-80d6-00155ded156f</WebResourceId>
      <OptimizedFor></OptimizedFor>
      <statecode>0</statecode>
      <statuscode>1</statuscode>
      <FormFactor>1</FormFactor>
      <ClientType>4</ClientType>
      <NavigationType>0</NavigationType>
      <AppModuleComponents>
        <AppModuleComponent type="62" schemaName="cat_PowerCATPlanner" />
      </AppModuleComponents>
      <AppModuleRoleMaps>
        <Role id="{627090ff-40a3-4053-8790-584edc5be201}" />
        <Role id="{119f245c-3cc8-4b62-b31c-d1a046ced15d}" />
      </AppModuleRoleMaps>
      <LocalizedNames>
        <LocalizedName description="Power CAT Planner" languagecode="1033" />
      </LocalizedNames>
      <appelements>
        <appelement uniquename="cat_cat_PowerCATPlanner_canvasappid_cr047_planner_dbe07">
          <canvasappid>
            <name>cr047_planner_dbe07</name>
          </canvasappid>
          <iscustomizable>1</iscustomizable>
          <name>cat_cat_PowerCATPlanner_canvasappid_cr047_planner_dbe07</name>
        </appelement>
      </appelements>
    </AppModule>
  </AppModules>
  <EntityDataProviders />
  <CanvasApps>
    <CanvasApp>
      <Name>cr047_planner_dbe07</Name>
      <AppVersion>2022-02-26T00:05:54Z</AppVersion>
      <Status>Ready</Status>
      <CreatedByClientVersion>3.22022.23.0</CreatedByClientVersion>
      <MinClientVersion>3.22022.23.0</MinClientVersion>
      <Tags>{"primaryDeviceWidth":"1919","primaryDeviceHeight":"876","sienaVersion":"d92d9590-3b0d-4fea-9f7a-7867302eb4ae","deviceCapabilities":"","supportsPortrait":"true","supportsLandscape":"true","primaryFormFactor":"Tablet","publisherVersion":"3.22022.23","minimumRequiredApiVersion":"2.2.0","hasComponent":"false","hasUnlockedComponent":"false","isUnifiedRootApp":"false"}</Tags>
      <IsCdsUpgraded>0</IsCdsUpgraded>
      <GalleryItemId xsi:nil="true"></GalleryItemId>
      <BackgroundColor>RGBA(0,176,240,1)</BackgroundColor>
      <DisplayName>Planner</DisplayName>
      <Description xsi:nil="true"></Description>
      <CommitMessage xsi:nil="true"></CommitMessage>
      <Publisher></Publisher>
      <AuthorizationReferences>[]</AuthorizationReferences>
      <ConnectionReferences>{}</ConnectionReferences>
      <DatabaseReferences>{"default.cds":{"databaseDetails":{"referenceType":"Environmental","environmentName":"default.cds","overrideValues":{"status":"NotSpecified"}},"dataSources":{},"components":[{"componentName":"CustomControl","identifier":"cat_PowerCAT.CommandsMenusNavs","identifierType":"LogicalName","capabilities":{"pcfExternalServiceUsageAllowed":false}},{"componentName":"CustomControl","identifier":"cat_PowerCAT.CommandsMenusNavs","identifierType":"LogicalName","capabilities":{"pcfExternalServiceUsageAllowed":false}},{"componentName":"CustomControl","identifier":"cat_PowerCAT.CommandsMenusNavs","identifierType":"LogicalName","capabilities":{"pcfExternalServiceUsageAllowed":false}},{"componentName":"CustomControl","identifier":"cat_PowerCAT.ResizableTextarea","identifierType":"LogicalName","capabilities":{"pcfExternalServiceUsageAllowed":false}},{"componentName":"CustomControl","identifier":"cat_PowerCAT.Elevation","identifierType":"LogicalName","capabilities":{"pcfExternalServiceUsageAllowed":false}},{"componentName":"CustomControl","identifier":"cat_PowerCAT.Icon","identifierType":"LogicalName","capabilities":{"pcfExternalServiceUsageAllowed":false}},{"componentName":"CustomControl","identifier":"cat_PowerCAT.Picker","identifierType":"LogicalName","capabilities":{"pcfExternalServiceUsageAllowed":false}},{"componentName":"CustomControl","identifier":"cat_PowerCAT.CommandsMenusNavs","identifierType":"LogicalName","capabilities":{"pcfExternalServiceUsageAllowed":false}},{"componentName":"CustomControl","identifier":"cat_PowerCAT.CommandsMenusNavs","identifierType":"LogicalName","capabilities":{"pcfExternalServiceUsageAllowed":false}},{"componentName":"CustomControl","identifier":"cat_PowerCAT.CommandsMenusNavs","identifierType":"LogicalName","capabilities":{"pcfExternalServiceUsageAllowed":false}},{"componentName":"CustomControl","identifier":"cat_PowerCAT.Elevation","identifierType":"LogicalName","capabilities":{"pcfExternalServiceUsageAllowed":false}},{"componentName":"CustomControl","identifier":"cat_PowerCAT.Icon","identifierType":"LogicalName","capabilities":{"pcfExternalServiceUsageAllowed":false}},{"componentName":"CustomControl","identifier":"cat_PowerCAT.Elevation","identifierType":"LogicalName","capabilities":{"pcfExternalServiceUsageAllowed":false}},{"componentName":"CustomControl","identifier":"cat_PowerCAT.Icon","identifierType":"LogicalName","capabilities":{"pcfExternalServiceUsageAllowed":false}},{"componentName":"CustomControl","identifier":"cat_PowerCAT.Elevation","identifierType":"LogicalName","capabilities":{"pcfExternalServiceUsageAllowed":false}},{"componentName":"CustomControl","identifier":"cat_PowerCAT.CommandsMenusNavs","identifierType":"LogicalName","capabilities":{"pcfExternalServiceUsageAllowed":false}},{"componentName":"CustomControl","identifier":"cat_PowerCAT.Icon","identifierType":"LogicalName","capabilities":{"pcfExternalServiceUsageAllowed":false}},{"componentName":"CustomControl","identifier":"cat_PowerCAT.Icon","identifierType":"LogicalName","capabilities":{"pcfExternalServiceUsageAllowed":false}},{"componentName":"CustomControl","identifier":"cat_PowerCAT.Icon","identifierType":"LogicalName","capabilities":{"pcfExternalServiceUsageAllowed":false}},{"componentName":"CustomControl","identifier":"cat_PowerCAT.Elevation","identifierType":"LogicalName","capabilities":{"pcfExternalServiceUsageAllowed":false}},{"componentName":"CustomControl","identifier":"cat_PowerCAT.CommandsMenusNavs","identifierType":"LogicalName","capabilities":{"pcfExternalServiceUsageAllowed":false}},{"componentName":"CustomControl","identifier":"cat_PowerCAT.Icon","identifierType":"LogicalName","capabilities":{"pcfExternalServiceUsageAllowed":false}},{"componentName":"CustomControl","identifier":"cat_PowerCAT.Icon","identifierType":"LogicalName","capabilities":{"pcfExternalServiceUsageAllowed":false}},{"componentName":"CustomControl","identifier":"cat_PowerCAT.Picker","identifierType":"LogicalName","capabilities":{"pcfExternalServiceUsageAllowed":false}},{"componentName":"CustomControl","identifier":"cat_PowerCAT.ResizableTextarea","identifierType":"LogicalName","capabilities":{"pcfExternalServiceUsageAllowed":false}}]}}</DatabaseReferences>
      <AppComponents>[]</AppComponents>
      <AppComponentDependencies>[]</AppComponentDependencies>
      <CanvasAppType>2</CanvasAppType>
      <BypassConsent>0</BypassConsent>
      <AdminControlBypassConsent>0</AdminControlBypassConsent>
      <EmbeddedApp xsi:nil="true"></EmbeddedApp>
      <IntroducedVersion>1.0</IntroducedVersion>
      <CdsDependencies>{"cdsdependencies":[{"dependencyid":"","logicalname":"cat_PowerCAT.CommandsMenusNavs","componenttype":66,"componenttypeplatformname":"CustomControl"},{"dependencyid":"","logicalname":"cat_PowerCAT.CommandsMenusNavs","componenttype":66,"componenttypeplatformname":"CustomControl"},{"dependencyid":"","logicalname":"cat_PowerCAT.CommandsMenusNavs","componenttype":66,"componenttypeplatformname":"CustomControl"},{"dependencyid":"","logicalname":"cat_PowerCAT.ResizableTextarea","componenttype":66,"componenttypeplatformname":"CustomControl"},{"dependencyid":"","logicalname":"cat_PowerCAT.Elevation","componenttype":66,"componenttypeplatformname":"CustomControl"},{"dependencyid":"","logicalname":"cat_PowerCAT.Icon","componenttype":66,"componenttypeplatformname":"CustomControl"},{"dependencyid":"","logicalname":"cat_PowerCAT.Picker","componenttype":66,"componenttypeplatformname":"CustomControl"},{"dependencyid":"","logicalname":"cat_PowerCAT.CommandsMenusNavs","componenttype":66,"componenttypeplatformname":"CustomControl"},{"dependencyid":"","logicalname":"cat_PowerCAT.CommandsMenusNavs","componenttype":66,"componenttypeplatformname":"CustomControl"},{"dependencyid":"","logicalname":"cat_PowerCAT.CommandsMenusNavs","componenttype":66,"componenttypeplatformname":"CustomControl"},{"dependencyid":"","logicalname":"cat_PowerCAT.Elevation","componenttype":66,"componenttypeplatformname":"CustomControl"},{"dependencyid":"","logicalname":"cat_PowerCAT.Icon","componenttype":66,"componenttypeplatformname":"CustomControl"},{"dependencyid":"","logicalname":"cat_PowerCAT.Elevation","componenttype":66,"componenttypeplatformname":"CustomControl"},{"dependencyid":"","logicalname":"cat_PowerCAT.Icon","componenttype":66,"componenttypeplatformname":"CustomControl"},{"dependencyid":"","logicalname":"cat_PowerCAT.Elevation","componenttype":66,"componenttypeplatformname":"CustomControl"},{"dependencyid":"","logicalname":"cat_PowerCAT.CommandsMenusNavs","componenttype":66,"componenttypeplatformname":"CustomControl"},{"dependencyid":"","logicalname":"cat_PowerCAT.Icon","componenttype":66,"componenttypeplatformname":"CustomControl"},{"dependencyid":"","logicalname":"cat_PowerCAT.Icon","componenttype":66,"componenttypeplatformname":"CustomControl"},{"dependencyid":"","logicalname":"cat_PowerCAT.Icon","componenttype":66,"componenttypeplatformname":"CustomControl"},{"dependencyid":"","logicalname":"cat_PowerCAT.Elevation","componenttype":66,"componenttypeplatformname":"CustomControl"},{"dependencyid":"","logicalname":"cat_PowerCAT.CommandsMenusNavs","componenttype":66,"componenttypeplatformname":"CustomControl"},{"dependencyid":"","logicalname":"cat_PowerCAT.Icon","componenttype":66,"componenttypeplatformname":"CustomControl"},{"dependencyid":"","logicalname":"cat_PowerCAT.Icon","componenttype":66,"componenttypeplatformname":"CustomControl"},{"dependencyid":"","logicalname":"cat_PowerCAT.Picker","componenttype":66,"componenttypeplatformname":"CustomControl"},{"dependencyid":"","logicalname":"cat_PowerCAT.ResizableTextarea","componenttype":66,"componenttypeplatformname":"CustomControl"}]}</CdsDependencies>
      <IsCustomizable>1</IsCustomizable>
      <BackgroundImageUri>/CanvasApps/cr047_planner_dbe07_BackgroundImageUri</BackgroundImageUri>
      <DocumentUri>/CanvasApps/cr047_planner_dbe07_DocumentUri.msapp</DocumentUri>
    </CanvasApp>
  </CanvasApps>
  <Languages>
    <Language>1033</Language>
  </Languages>
</ImportExportXml>